Model,Błąd kwadratowy
Liniowy,750.284945636662
Rozmyty 2,515.771807084594
Rozmyty 3,15.0343259794889
Rozmyty 4,111.201001637062
Rozmyty 5,11.7666917512823
