Model,Błąd kwadratowy
Liniowy,0.797752610670687
Rozmyty 2,0.75809786262071
Rozmyty 3,0.75809786262071
Rozmyty 4,0.0731324903359973
Rozmyty 5,0.0731324903359973
